Time,Height,Flow
0,0.25,5.85
0.010416667,0.25,5.85
0.020833333,0.25,5.85
0.03125,0.249,5.79
0.041666667,0.249,5.79
0.052083333,0.249,5.79
0.0625,0.248,5.74
0.072916667,0.248,5.74
0.083333333,0.248,5.74
0.09375,0.247,5.68
0.104166667,0.247,5.68
0.114583333,0.245,5.57
0.125,0.244,5.51
0.135416667,0.24,5.29
0.145833333,0.237,5.12
0.15625,0.235,5.01
0.166666667,0.233,4.9
0.177083333,0.233,4.9
0.1875,0.233,4.9
0.197916667,0.231,4.8
0.208333333,0.232,4.85
0.21875,0.232,4.85
0.229166667,0.231,4.8
0.239583333,0.231,4.8
0.25,0.231,4.8
0.260416667,0.231,4.8
0.270833333,0.231,4.8
0.28125,0.23,4.74
0.291666667,0.231,4.8
0.302083333,0.232,4.85
0.3125,0.241,5.34
0.322916667,0.242,5.4
0.333333333,0.245,5.57
0.34375,0.246,5.62
0.354166667,0.248,5.74
0.364583333,0.247,5.68
0.375,0.247,5.68
0.385416667,0.247,5.68
0.395833333,0.248,5.74
0.40625,0.247,5.68
0.416666667,0.247,5.68
0.427083333,0.25,5.85
0.4375,0.251,5.91
0.447916667,0.252,5.97
0.458333333,0.253,6.02
0.46875,0.253,6.02
0.479166667,0.253,6.02
0.489583333,0.254,6.08
0.5,0.256,6.2
0.510416667,0.256,6.2
0.520833333,0.256,6.2
0.53125,0.256,6.2
0.541666667,0.256,6.2
0.552083333,0.257,6.26
0.5625,0.256,6.2
0.572916667,0.257,6.26
0.583333333,0.257,6.26
0.59375,0.257,6.26
0.604166667,0.257,6.26
0.614583333,0.258,6.32
0.625,0.259,6.38
0.635416667,0.259,6.38
0.645833333,0.258,6.32
0.65625,0.259,6.38
0.666666667,0.259,6.38
0.677083333,0.259,6.38
0.6875,0.259,6.38
0.697916667,0.277,7.48
0.708333333,0.254,6.08
0.71875,0.253,6.02
0.729166667,0.253,6.02
0.739583333,0.253,6.02
0.75,0.256,6.2
0.760416667,0.258,6.32
0.770833333,0.259,6.38
0.78125,0.26,6.44
0.791666667,0.262,6.56
0.802083333,0.262,6.56
0.8125,0.261,6.5
0.822916667,0.261,6.5
0.833333333,0.262,6.56
0.84375,0.263,6.62
0.854166667,0.264,6.68
0.864583333,0.265,6.74
0.875,0.267,6.86
0.885416667,0.267,6.86
0.895833333,0.267,6.86
0.90625,0.268,6.92
0.916666667,0.268,6.92
0.927083333,0.268,6.92
0.9375,0.267,6.86
0.947916667,0.267,6.86
0.958333333,0.268,6.92
0.96875,0.267,6.86
0.979166667,0.266,6.8
0.989583333,0.268,6.92
1,0.268,6.92
1.010416667,0.267,6.86
1.020833333,0.267,6.86
1.03125,0.266,6.8
1.041666667,0.266,6.8
1.052083333,0.265,6.74
1.0625,0.264,6.68
1.072916667,0.264,6.68
1.083333333,0.263,6.62
1.09375,0.259,6.38
1.104166667,0.262,6.56
1.114583333,0.261,6.5
1.125,0.261,6.5
1.135416667,0.26,6.44
1.145833333,0.259,6.38
1.15625,0.259,6.38
1.166666667,0.259,6.38
1.177083333,0.259,6.38
1.1875,0.258,6.32
1.197916667,0.258,6.32
1.208333333,0.26,6.44
1.21875,0.261,6.5
1.229166667,0.261,6.5
1.239583333,0.266,6.8
1.25,0.278,7.55
1.260416667,0.297,8.79
1.270833333,0.332,11.3
1.28125,0.361,13.5
1.291666667,0.374,14.5
1.302083333,0.377,14.8
1.3125,0.386,15.5
1.322916667,0.423,18.7
1.333333333,0.436,19.9
1.34375,0.436,19.9
1.354166667,0.428,19.1
1.364583333,0.416,18.1
1.375,0.403,16.9
1.385416667,0.391,15.9
1.395833333,0.381,15.1
1.40625,0.372,14.3
1.416666667,0.364,13.7
1.427083333,0.356,13.1
1.4375,0.352,12.8
1.447916667,0.348,12.5
1.458333333,0.345,12.2
1.46875,0.343,12.1
1.479166667,0.34,11.8
1.489583333,0.338,11.7
1.5,0.335,11.5
1.510416667,0.329,11
1.520833333,0.323,10.6
1.53125,0.32,10.4
1.541666667,0.316,10.1
1.552083333,0.317,10.2
1.5625,0.317,10.2
1.572916667,0.318,10.2
1.583333333,0.317,10.2
1.59375,0.315,10
1.604166667,0.311,9.75
1.614583333,0.313,9.89
1.625,0.317,10.2
1.635416667,0.32,10.4
1.645833333,0.322,10.5
1.65625,0.323,10.6
1.666666667,0.323,10.6
1.677083333,0.323,10.6
1.6875,0.321,10.5
1.697916667,0.32,10.4
1.708333333,0.319,10.3
1.71875,0.316,10.1
1.729166667,0.313,9.89
1.739583333,0.311,9.75
1.75,0.308,9.54
1.760416667,0.304,9.26
1.770833333,0.3,8.99
1.78125,0.298,8.85
1.791666667,0.297,8.79
1.802083333,0.295,8.65
1.8125,0.294,8.59
1.822916667,0.293,8.52
1.833333333,0.298,8.85
1.84375,0.301,9.06
1.854166667,0.303,9.19
1.864583333,0.304,9.26
1.875,0.304,9.26
1.885416667,0.304,9.26
1.895833333,0.303,9.19
1.90625,0.304,9.26
1.916666667,0.303,9.19
1.927083333,0.303,9.19
1.9375,0.302,9.12
1.947916667,0.301,9.06
1.958333333,0.301,9.06
1.96875,0.299,8.92
1.979166667,0.298,8.85
1.989583333,0.298,8.85
2,0.297,8.79
2.010416667,0.297,8.79
2.020833333,0.297,8.79
2.03125,0.297,8.79
2.041666667,0.297,8.79
2.052083333,0.298,8.85
2.0625,0.298,8.85
2.072916667,0.297,8.79
2.083333333,0.3,8.99
2.09375,0.299,8.92
2.104166667,0.299,8.92
2.114583333,0.298,8.85
2.125,0.298,8.85
2.135416667,0.298,8.85
2.145833333,0.298,8.85
2.15625,0.297,8.79
2.166666667,0.298,8.85
2.177083333,0.298,8.85
2.1875,0.298,8.85
2.197916667,0.298,8.85
2.208333333,0.297,8.79
2.21875,0.297,8.79
2.229166667,0.295,8.65
2.239583333,0.295,8.65
2.25,0.293,8.52
2.260416667,0.292,8.45
2.270833333,0.291,8.39
2.28125,0.29,8.32
2.291666667,0.29,8.32
2.302083333,0.29,8.32
2.3125,0.29,8.32
2.322916667,0.291,8.39
2.333333333,0.294,8.59
2.34375,0.299,8.92
2.354166667,0.3,8.99
2.364583333,0.297,8.79
2.375,0.294,8.59
2.385416667,0.292,8.45
2.395833333,0.29,8.32
2.40625,0.288,8.19
2.416666667,0.289,8.26
2.427083333,0.289,8.26
2.4375,0.289,8.26
2.447916667,0.288,8.19
2.458333333,0.296,8.72
2.46875,0.29,8.32
2.479166667,0.281,7.74
2.489583333,0.281,7.74
2.5,0.279,7.61
2.510416667,0.278,7.55
2.520833333,0.276,7.42
2.53125,0.275,7.36
2.541666667,0.274,7.29
2.552083333,0.275,7.36
2.5625,0.274,7.29
2.572916667,0.278,7.55
2.583333333,0.281,7.74
2.59375,0.276,7.42
2.604166667,0.286,8.06
2.614583333,0.284,7.93
2.625,0.281,7.74
2.635416667,0.281,7.74
2.645833333,0.286,8.06
2.65625,0.291,8.39
2.666666667,0.294,8.59
2.677083333,0.306,9.4
2.6875,0.33,11.1
2.697916667,0.358,13.2
2.708333333,0.382,15.2
2.71875,0.403,16.9
2.729166667,0.417,18.1
2.739583333,0.427,19
2.75,0.435,19.8
2.760416667,0.438,20
2.770833333,0.437,19.9
2.78125,0.435,19.8
2.791666667,0.431,19.4
2.802083333,0.423,18.7
2.8125,0.416,18.1
2.822916667,0.412,17.7
2.833333333,0.406,17.2
2.84375,0.403,16.9
2.854166667,0.4,16.7
2.864583333,0.403,16.9
2.875,0.411,17.6
2.885416667,0.424,18.8
2.895833333,0.438,20
2.90625,0.508,26.8
2.916666667,0.542,30.4
2.927083333,0.555,31.8
2.9375,0.56,32.3
2.947916667,0.561,32.5
2.958333333,0.559,32.2
2.96875,0.554,31.7
2.979166667,0.546,30.8
2.989583333,0.535,29.6
3,0.525,28.6
3.010416667,0.513,27.3
3.020833333,0.501,26.1
3.03125,0.491,25.1
3.041666667,0.483,24.3
3.052083333,0.476,23.6
3.0625,0.481,24.1
3.072916667,0.487,24.7
3.083333333,0.486,24.6
3.09375,0.48,24
3.104166667,0.476,23.6
3.114583333,0.473,23.3
3.125,0.474,23.4
3.135416667,0.474,23.4
3.145833333,0.474,23.4
3.15625,0.475,23.5
3.166666667,0.477,23.7
3.177083333,0.483,24.3
3.1875,0.491,25.1
3.197916667,0.5,26
3.208333333,0.513,27.3
3.21875,0.52,28.1
3.229166667,0.52,28.1
3.239583333,0.518,27.9
3.25,0.518,27.9
3.260416667,0.52,28.1
3.270833333,0.524,28.5
3.28125,0.533,29.4
3.291666667,0.544,30.6
3.302083333,0.55,31.3
3.3125,0.553,31.6
3.322916667,0.559,32.2
3.333333333,0.569,33.3
3.34375,0.579,34.5
3.354166667,0.592,35.9
3.364583333,0.601,37
3.375,0.608,37.8
3.385416667,0.611,38.1
3.395833333,0.618,38.9
3.40625,0.622,39.4
3.416666667,0.627,40
3.427083333,0.633,40.7
3.4375,0.645,42.2
3.447916667,0.667,44.9
3.458333333,0.696,48.5
3.46875,0.721,51.8
3.479166667,0.735,53.6
3.489583333,0.743,54.7
3.5,0.75,55.6
3.510416667,0.762,57.2
3.520833333,0.772,58.6
3.53125,0.771,58.5
3.541666667,0.769,58.2
3.552083333,0.76,57
3.5625,0.755,56.3
3.572916667,0.754,56.2
3.583333333,0.764,57.5
3.59375,0.771,58.5
3.604166667,0.78,59.7
3.614583333,0.786,60.5
3.625,0.793,61.5
3.635416667,0.796,61.9
3.645833333,0.799,62.4
3.65625,0.801,62.6
3.666666667,0.801,62.6
3.677083333,0.8,62.5
3.6875,0.805,63.2
3.697916667,0.804,63.1
3.708333333,0.804,63.1
3.71875,0.803,62.9
3.729166667,0.799,62.4
3.739583333,0.798,62.2
3.75,0.798,62.2
3.760416667,0.798,62.2
3.770833333,0.796,61.9
3.78125,0.798,62.2
3.791666667,0.796,61.9
3.802083333,0.792,61.4
3.8125,0.788,60.8
3.822916667,0.779,59.6
3.833333333,0.774,58.9
3.84375,0.771,58.5
3.854166667,0.769,58.2
3.864583333,0.779,59.6
3.875,0.805,63.2
3.885416667,0.835,67.5
3.895833333,0.87,72.5
3.90625,0.922,79.9
3.916666667,0.968,86.6
3.927083333,1.032,96.2
3.9375,1.077,103
3.947916667,1.112,109
3.958333333,1.152,115
3.96875,1.191,121
3.979166667,1.242,130
3.989583333,1.258,132
4,1.265,134
4.010416667,1.284,137
4.020833333,1.304,140
4.03125,1.308,141
4.041666667,1.302,140
4.052083333,1.327,144
4.0625,1.341,147
4.072916667,1.353,149
4.083333333,1.346,148
4.09375,1.357,149
4.104166667,1.373,152
4.114583333,1.393,156
4.125,1.414,160
4.135416667,1.422,161
4.145833333,1.437,164
4.15625,1.47,170
4.166666667,1.504,176
4.177083333,1.528,180
4.1875,1.594,193
4.197916667,1.63,200
4.208333333,1.684,210
4.21875,1.672,208
4.229166667,1.724,218
4.239583333,1.754,224
4.25,1.774,228
4.260416667,1.791,231
4.270833333,1.817,236
4.28125,1.862,245
4.291666667,1.868,247
4.302083333,1.92,257
4.3125,1.908,255
4.322916667,1.966,267
4.333333333,1.944,262
4.34375,1.991,272
4.354166667,2.003,275
4.364583333,2.006,275
4.375,2.022,279
4.385416667,2.023,279
4.395833333,1.983,271
4.40625,2.002,275
4.416666667,2,274
4.427083333,1.944,262
4.4375,1.956,265
4.447916667,1.945,263
4.458333333,1.927,259
4.46875,1.92,257
4.479166667,1.854,244
4.489583333,1.854,244
4.5,1.844,242
4.510416667,1.798,232
4.520833333,1.75,223
4.53125,1.758,224
4.541666667,1.698,213
4.552083333,1.674,208
4.5625,1.666,206
4.572916667,1.647,203
4.583333333,1.603,194
4.59375,1.578,190
4.604166667,1.564,187
4.614583333,1.546,184
4.625,1.511,177
4.635416667,1.489,173
4.645833333,1.444,165
4.65625,1.448,166
4.666666667,1.414,160
4.677083333,1.405,158
4.6875,1.378,153
4.697916667,1.381,154
4.708333333,1.377,153
4.71875,1.353,149
4.729166667,1.345,147
4.739583333,1.346,148
4.75,1.349,148
4.760416667,1.371,152
4.770833333,1.403,158
4.78125,1.443,165
4.791666667,1.454,167
4.802083333,1.476,171
4.8125,1.498,175
4.822916667,1.518,178
4.833333333,1.533,181
4.84375,1.52,179
4.854166667,1.492,174
4.864583333,1.487,173
4.875,1.487,173
4.885416667,1.473,170
4.895833333,1.501,175
4.90625,1.482,172
4.916666667,1.495,174
4.927083333,1.483,172
4.9375,1.468,169
4.947916667,1.483,172
4.958333333,1.468,169
4.96875,1.45,166
4.979166667,1.458,167
4.989583333,1.445,165
4.999999999,1.447,165
5.010416665,1.438,164
5.020833331,1.427,162
5.031249997,1.424,161
5.041666663,1.407,158
5.052083329,1.384,154
5.062499995,1.379,153
5.072916661,1.369,152
5.083333327,1.361,150
5.093749993,1.349,148
5.104166659,1.335,146
5.114583325,1.319,143
5.124999991,1.319,143
5.135416657,1.291,138
5.145833323,1.286,137
5.156249989,1.278,136
5.166666655,1.285,137
5.177083321,1.281,136
5.187499987,1.295,139
5.197916653,1.295,139
5.208333319,1.286,137
5.218749985,1.301,140
5.229166651,1.311,141
5.239583317,1.303,140
5.249999983,1.314,142
5.260416649,1.31,141
5.270833315,1.315,142
5.281249981,1.298,139
5.291666647,1.311,141
5.302083313,1.306,141
5.312499979,1.307,141
5.322916645,1.296,139
5.333333311,1.295,139
5.343749977,1.285,137
5.354166643,1.288,138
5.364583309,1.29,138
5.374999975,1.287,137
5.385416641,1.295,139
5.395833307,1.284,137
5.406249973,1.284,137
5.416666639,1.282,137
5.427083305,1.28,136
5.437499971,1.29,138
5.447916637,1.272,135
5.458333303,1.279,136
5.468749969,1.255,132
5.479166635,1.276,135
5.489583301,1.271,135
5.499999967,1.254,132
5.510416633,1.255,132
5.520833299,1.254,132
5.531249965,1.234,128
5.541666631,1.228,127
5.552083297,1.227,127
5.562499963,1.227,127
5.572916629,1.231,128
5.583333295,1.218,126
5.593749961,1.216,125
5.604166627,1.209,124
5.614583293,1.2,123
5.624999959,1.204,123
5.635416625,1.195,122
5.645833291,1.196,122
5.656249957,1.191,121
5.666666623,1.17,118
5.677083289,1.183,120
5.687499955,1.169,118
5.697916621,1.165,117
5.708333287,1.167,117
5.718749953,1.153,115
5.729166619,1.157,116
5.739583285,1.152,115
5.749999951,1.147,114
5.760416617,1.135,112
5.770833283,1.13,111
5.781249949,1.131,112
5.791666615,1.115,109
5.802083281,1.117,109
5.812499947,1.114,109
5.822916613,1.106,108
5.833333279,1.095,106
5.843749945,1.096,106
5.854166611,1.089,105
5.864583277,1.08,104
5.874999943,1.084,104
5.885416609,1.081,104
5.895833275,1.079,103
5.906249941,1.073,102
5.916666607,1.062,101
5.927083273,1.057,100
5.937499939,1.061,101
5.947916605,1.054,99.5
5.958333271,1.048,98.6
5.968749937,1.049,98.8
5.979166603,1.035,96.6
5.989583269,1.034,96.5
5.999999935,1.027,95.4
6.010416601,1.019,94.2
6.020833267,1.014,93.4
6.031249933,1.014,93.4
6.041666599,1.009,92.7
6.052083265,1.003,91.8
6.062499931,0.997,90.9
6.072916597,0.991,90
6.083333263,0.995,90.6
6.093749929,0.986,89.2
6.104166595,0.982,88.6
6.114583261,0.978,88
6.124999927,0.972,87.1
6.135416593,0.965,86.1
6.145833259,0.959,85.2
6.156249925,0.956,84.8
6.166666591,0.953,84.4
6.177083257,0.948,83.6
6.187499923,0.941,82.6
6.197916589,0.936,81.9
6.208333255,0.936,81.9
6.218749921,0.933,81.4
6.229166587,0.928,80.7
6.239583253,0.925,80.3
6.249999919,0.918,79.3
6.260416585,0.913,78.6
6.270833251,0.915,78.9
6.281249917,0.902,77
6.291666583,0.902,77
6.302083249,0.898,76.4
6.312499915,0.898,76.4
6.322916581,0.894,75.9
6.333333247,0.889,75.2
6.343749913,0.885,74.6
6.354166579,0.874,73
6.364583245,0.866,71.9
6.374999911,0.86,71.1
6.385416577,0.85,69.7
6.395833243,0.84,68.2
6.406249909,0.837,67.8
6.416666575,0.827,66.3
6.427083241,0.822,65.6
6.437499907,0.811,64.1
6.447916573,0.809,63.8
6.458333239,0.802,62.8
6.468749905,0.789,61
6.479166571,0.788,60.8
6.489583237,0.777,59.3
6.499999903,0.77,58.3
6.510416569,0.766,57.8
6.520833235,0.756,56.4
6.531249901,0.752,55.9
6.541666567,0.747,55.2
6.552083233,0.741,54.4
6.562499899,0.737,53.9
6.572916565,0.732,53.2
6.583333231,0.728,52.7
6.593749897,0.721,51.8
6.604166563,0.715,51
6.614583229,0.713,50.7
6.624999895,0.706,49.8
6.635416561,0.703,49.4
6.645833227,0.698,48.8
6.656249893,0.698,48.8
6.666666559,0.694,48.3
6.677083225,0.69,47.8
6.687499891,0.686,47.3
6.697916557,0.685,47.1
6.708333223,0.679,46.4
6.718749889,0.678,46.2
6.729166555,0.675,45.9
6.739583221,0.673,45.6
6.749999887,0.671,45.4
6.760416553,0.668,45
6.770833219,0.665,44.6
6.781249885,0.661,44.1
6.791666551,0.661,44.1
6.802083217,0.657,43.6
6.812499883,0.653,43.1
6.822916549,0.65,42.8
6.833333215,0.646,42.3
6.843749881,0.642,41.8
6.854166547,0.637,41.2
6.864583213,0.635,41
6.874999879,0.632,40.6
6.885416545,0.629,40.2
6.895833211,0.627,40
6.906249877,0.623,39.5
6.916666543,0.621,39.3
6.927083209,0.618,38.9
6.937499875,0.616,38.7
6.947916541,0.612,38.2
6.958333207,0.609,37.9
6.968749873,0.606,37.5
6.979166539,0.602,37.1
6.989583205,0.599,36.7
6.999999871,0.598,36.6
7.010416537,0.595,36.3
7.020833203,0.592,35.9
7.031249869,0.59,35.7
7.041666535,0.588,35.5
7.052083201,0.587,35.4
7.062499867,0.584,35
7.072916533,0.583,34.9
7.083333199,0.58,34.6
7.093749865,0.578,34.3
7.104166531,0.574,33.9
7.114583197,0.574,33.9
7.124999863,0.571,33.6
7.135416529,0.571,33.6
7.145833195,0.569,33.3
7.156249861,0.566,33
7.166666527,0.567,33.1
7.177083193,0.566,33
7.187499859,0.567,33.1
7.197916525,0.57,33.4
7.208333191,0.572,33.7
7.218749857,0.586,35.2
7.229166523,0.607,37.7
7.239583189,0.622,39.4
7.249999855,0.632,40.6
7.260416521,0.638,41.3
7.270833187,0.639,41.4
7.281249853,0.647,42.4
7.291666519,0.654,43.3
7.302083185,0.66,44
7.312499851,0.668,45
7.322916517,0.674,45.7
7.333333183,0.675,45.9
7.343749849,0.671,45.4
7.354166515,0.663,44.4
7.364583181,0.656,43.5
7.374999847,0.651,42.9
7.385416513,0.647,42.4
7.395833179,0.649,42.7
7.406249845,0.647,42.4
7.416666511,0.645,42.2
7.427083177,0.643,41.9
7.437499843,0.64,41.6
7.447916509,0.639,41.4
7.458333175,0.635,41
7.468749841,0.634,40.8
7.479166507,0.633,40.7
7.489583173,0.631,40.5
7.499999839,0.632,40.6
7.510416505,0.631,40.5
7.520833171,0.629,40.2
7.531249837,0.627,40
7.541666503,0.626,39.9
7.552083169,0.623,39.5
7.562499835,0.619,39.1
7.572916501,0.618,38.9
7.583333167,0.617,38.8
7.593749833,0.617,38.8
7.604166499,0.619,39.1
7.614583165,0.619,39.1
7.624999831,0.617,38.8
7.635416497,0.615,38.6
7.645833163,0.612,38.2
7.656249829,0.609,37.9
7.666666495,0.608,37.8
7.677083161,0.605,37.4
7.687499827,0.603,37.2
7.697916493,0.6,36.8
7.708333159,0.599,36.7
7.718749825,0.596,36.4
7.729166491,0.595,36.3
7.739583157,0.592,35.9
7.749999823,0.591,35.8
7.760416489,0.588,35.5
7.770833155,0.585,35.1
7.781249821,0.582,34.8
7.791666487,0.581,34.7
7.802083153,0.578,34.3
7.812499819,0.577,34.2
7.822916485,0.573,33.8
7.833333151,0.573,33.8
7.843749817,0.568,33.2
7.854166483,0.566,33
7.864583149,0.565,32.9
7.874999815,0.563,32.7
7.885416481,0.56,32.3
7.895833147,0.559,32.2
7.906249813,0.557,32
7.916666479,0.555,31.8
7.927083145,0.551,31.4
7.937499811,0.544,30.6
7.947916477,0.543,30.5
7.958333143,0.542,30.4
7.968749809,0.54,30.2
7.979166475,0.539,30.1
7.989583141,0.537,29.9
7.999999807,0.536,29.8
8.010416473,0.535,29.6
8.020833139,0.535,29.6
8.031249805,0.534,29.5
8.041666471,0.533,29.4
8.052083137,0.531,29.2
8.062499803,0.53,29.1
8.072916469,0.53,29.1
8.083333135,0.528,28.9
8.093749801,0.525,28.6
8.104166467,0.524,28.5
8.114583133,0.522,28.3
8.124999799,0.519,28
8.135416465,0.518,27.9
8.145833131,0.517,27.8
8.156249797,0.515,27.5
8.166666463,0.513,27.3
8.177083129,0.51,27
8.187499795,0.509,26.9
8.197916461,0.507,26.7
8.208333127,0.507,26.7
8.218749793,0.504,26.4
8.229166459,0.504,26.4
8.239583125,0.503,26.3
8.249999791,0.502,26.2
8.260416457,0.5,26
8.270833123,0.5,26
8.281249789,0.498,25.8
8.291666455,0.497,25.7
8.302083121,0.495,25.5
8.312499787,0.494,25.4
8.322916453,0.493,25.3
8.333333119,0.492,25.2
8.343749785,0.491,25.1
8.354166451,0.49,25
8.364583117,0.487,24.7
8.374999783,0.484,24.4
8.385416449,0.48,24
8.395833115,0.478,23.8
8.406249781,0.477,23.7
8.416666447,0.476,23.6
8.427083113,0.476,23.6
8.437499779,0.475,23.5
8.447916445,0.474,23.4
8.458333111,0.473,23.3
8.468749777,0.473,23.3
8.479166443,0.472,23.2
8.489583109,0.473,23.3
8.499999775,0.477,23.7
8.510416441,0.478,23.8
8.520833107,0.478,23.8
8.531249773,0.478,23.8
8.541666439,0.477,23.7
8.552083105,0.477,23.7
8.562499771,0.476,23.6
8.572916437,0.471,23.1
8.583333103,0.471,23.1
8.593749769,0.471,23.1
8.604166435,0.471,23.1
8.614583101,0.471,23.1
8.624999767,0.47,23.1
8.635416433,0.468,22.9
8.645833099,0.467,22.8
8.656249765,0.468,22.9
8.666666431,0.468,22.9
8.677083097,0.467,22.8
8.687499763,0.465,22.6
8.697916429,0.465,22.6
8.708333095,0.465,22.6
8.718749761,0.465,22.6
8.729166427,0.465,22.6
8.739583093,0.463,22.4
8.749999759,0.463,22.4
8.760416425,0.463,22.4
8.770833091,0.461,22.2
8.781249757,0.461,22.2
8.791666423,0.46,22.1
8.802083089,0.458,21.9
8.812499755,0.459,22
8.822916421,0.459,22
8.833333087,0.458,21.9
8.843749753,0.456,21.7
8.854166419,0.457,21.8
8.864583085,0.456,21.7
8.874999751,0.459,22
8.885416417,0.465,22.6
8.895833083,0.476,23.6
8.906249749,0.492,25.2
8.916666415,0.5,26
8.927083081,0.505,26.5
8.937499747,0.525,28.6
8.947916413,0.538,30
8.958333079,0.551,31.4
8.968749745,0.563,32.7
8.979166411,0.571,33.6
8.989583077,0.574,33.9
8.999999743,0.569,33.3
9.010416409,0.56,32.3
9.020833075,0.551,31.4
9.031249741,0.544,30.6
9.041666407,0.535,29.6
9.052083073,0.534,29.5
9.062499739,0.537,29.9
9.072916405,0.545,30.7
9.083333071,0.555,31.8
9.093749737,0.591,35.8
9.104166403,0.643,41.9
9.114583069,0.743,54.7
9.124999735,0.831,66.9
9.135416401,0.87,72.5
9.145833067,0.88,73.9
9.156249733,0.876,73.3
9.166666399,0.868,72.2
9.177083065,0.863,71.5
9.187499731,0.862,71.4
9.197916397,0.86,71.1
9.208333063,0.853,70.1
9.218749729,0.845,68.9
9.229166395,0.836,67.6
9.239583061,0.826,66.2
9.249999727,0.818,65
9.260416393,0.808,63.6
9.270833059,0.806,63.3
9.281249725,0.796,61.9
9.291666391,0.79,61.1
9.302083057,0.784,60.3
9.312499723,0.779,59.6
9.322916389,0.78,59.7
9.333333055,0.782,60
9.343749721,0.78,59.7
9.354166387,0.773,58.7
9.364583053,0.775,59
9.374999719,0.774,58.9
9.385416385,0.768,58.1
9.395833051,0.766,57.8
9.406249717,0.767,57.9
9.416666383,0.765,57.6
9.427083049,0.759,56.8
9.437499715,0.756,56.4
9.447916381,0.751,55.7
9.458333047,0.746,55.1
9.468749713,0.744,54.8
9.479166379,0.736,53.7
9.489583045,0.731,53.1
9.499999711,0.726,52.4
9.510416377,0.715,51
9.520833043,0.715,51
9.531249709,0.712,50.6
9.541666375,0.708,50.1
9.552083041,0.704,49.6
9.562499707,0.699,48.9
9.572916373,0.694,48.3
9.583333039,0.689,47.6
9.593749705,0.685,47.1
9.604166371,0.683,46.9
9.614583037,0.679,46.4
9.624999703,0.673,45.6
9.635416369,0.669,45.1
9.645833035,0.666,44.7
9.656249701,0.662,44.3
9.666666367,0.658,43.8
9.677083033,0.657,43.6
9.687499699,0.651,42.9
9.697916365,0.648,42.5
9.708333031,0.643,41.9
9.718749697,0.639,41.4
9.729166363,0.634,40.8
9.739583029,0.63,40.4
9.749999695,0.627,40
9.760416361,0.624,39.7
9.770833027,0.618,38.9
9.781249693,0.618,38.9
9.791666359,0.618,38.9
9.802083025,0.611,38.1
9.812499691,0.607,37.7
9.822916357,0.604,37.3
9.833333023,0.601,37
9.843749689,0.598,36.6
9.854166355,0.593,36
9.864583021,0.59,35.7
9.874999687,0.587,35.4
9.885416353,0.585,35.1
9.895833019,0.58,34.6
9.906249685,0.577,34.2
9.916666351,0.575,34
9.927083017,0.571,33.6
9.937499683,0.568,33.2
9.947916349,0.562,32.6
9.958333015,0.555,31.8
9.968749681,0.55,31.3
9.979166347,0.548,31
9.989583013,0.545,30.7
9.999999679,0.546,30.8
10.01041634,0.546,30.8
10.02083301,0.545,30.7
10.03124968,0.544,30.6
10.04166634,0.544,30.6
10.05208301,0.543,30.5
10.06249967,0.541,30.3
10.07291634,0.539,30.1
10.08333301,0.538,30
10.09374967,0.535,29.6
10.10416634,0.533,29.4
10.114583,0.53,29.1
10.12499967,0.528,28.9
10.13541634,0.525,28.6
10.145833,0.523,28.4
10.15624967,0.521,28.2
10.16666633,0.518,27.9
10.177083,0.516,27.7
10.18749967,0.514,27.4
10.19791633,0.513,27.3
10.208333,0.51,27
10.21874966,0.508,26.8
10.22916633,0.505,26.5
10.239583,0.504,26.4
10.24999966,0.502,26.2
10.26041633,0.5,26
10.27083299,0.498,25.8
10.28124966,0.497,25.7
10.29166633,0.496,25.6
10.30208299,0.494,25.4
10.31249966,0.492,25.2
10.32291632,0.491,25.1
10.33333299,0.491,25.1
10.34374966,0.49,25
10.35416632,0.488,24.8
10.36458299,0.486,24.6
10.37499965,0.483,24.3
10.38541632,0.482,24.2
10.39583299,0.482,24.2
10.40624965,0.48,24
10.41666632,0.481,24.1
10.42708298,0.479,23.9
10.43749965,0.479,23.9
10.44791632,0.477,23.7
10.45833298,0.474,23.4
10.46874965,0.476,23.6
10.47916631,0.477,23.7
10.48958298,0.474,23.4
10.49999965,0.474,23.4
10.51041631,0.473,23.3
10.52083298,0.473,23.3
10.53124964,0.471,23.1
10.54166631,0.469,23
10.55208298,0.467,22.8
10.56249964,0.465,22.6
10.57291631,0.465,22.6
10.58333297,0.463,22.4
10.59374964,0.467,22.8
10.60416631,0.467,22.8
10.61458297,0.469,23
10.62499964,0.472,23.2
10.6354163,0.479,23.9
10.64583297,0.49,25
10.65624964,0.498,25.8
10.6666663,0.507,26.7
10.67708297,0.519,28
10.68749963,0.532,29.3
10.6979163,0.542,30.4
10.70833297,0.543,30.5
10.71874963,0.538,30
10.7291663,0.53,29.1
10.73958296,0.524,28.5
10.74999963,0.521,28.2
10.7604163,0.516,27.7
10.77083296,0.514,27.4
10.78124963,0.514,27.4
10.79166629,0.515,27.5
10.80208296,0.517,27.8
10.81249963,0.517,27.8
10.82291629,0.52,28.1
10.83333296,0.518,27.9
10.84374962,0.52,28.1
10.85416629,0.511,27.1
10.86458296,0.51,27
10.87499962,0.508,26.8
10.88541629,0.506,26.6
10.89583295,0.505,26.5
10.90624962,0.504,26.4
10.91666629,0.504,26.4
10.92708295,0.502,26.2
10.93749962,0.5,26
10.94791628,0.498,25.8
10.95833295,0.497,25.7
10.96874962,0.496,25.6
10.97916628,0.495,25.5
10.98958295,0.496,25.6
10.99999961,0.499,25.9
11.01041628,0.501,26.1
11.02083295,0.502,26.2
11.03124961,0.505,26.5
11.04166628,0.505,26.5
11.05208294,0.507,26.7
11.06249961,0.507,26.7
11.07291628,0.508,26.8
11.08333294,0.506,26.6
11.09374961,0.505,26.5
11.10416627,0.503,26.3
11.11458294,0.499,25.9
11.12499961,0.496,25.6
11.13541627,0.493,25.3
11.14583294,0.491,25.1
11.1562496,0.49,25
11.16666627,0.487,24.7
11.17708294,0.486,24.6
11.1874996,0.483,24.3
11.19791627,0.481,24.1
11.20833293,0.48,24
11.2187496,0.477,23.7
11.22916627,0.476,23.6
11.23958293,0.475,23.5
11.2499996,0.474,23.4
11.26041626,0.473,23.3
11.27083293,0.472,23.2
11.2812496,0.47,23.1
11.29166626,0.468,22.9
11.30208293,0.467,22.8
11.31249959,0.47,23.1
11.32291626,0.47,23.1
11.33333293,0.471,23.1
11.34374959,0.472,23.2
11.35416626,0.475,23.5
11.36458292,0.473,23.3
11.37499959,0.477,23.7
11.38541626,0.48,24
11.39583292,0.481,24.1
11.40624959,0.481,24.1
11.41666625,0.48,24
11.42708292,0.481,24.1
11.43749959,0.48,24
11.44791625,0.481,24.1
11.45833292,0.48,24
11.46874958,0.479,23.9
11.47916625,0.479,23.9
11.48958292,0.48,24
11.49999958,0.482,24.2
11.51041625,0.483,24.3
11.52083291,0.482,24.2
11.53124958,0.484,24.4
11.54166625,0.49,25
11.55208291,0.495,25.5
11.56249958,0.504,26.4
11.57291624,0.517,27.8
11.58333291,0.548,31
11.59374958,0.563,32.7
11.60416624,0.567,33.1
11.61458291,0.565,32.9
11.62499957,0.565,32.9
11.63541624,0.566,33
11.64583291,0.571,33.6
11.65624957,0.581,34.7
11.66666624,0.588,35.5
11.6770829,0.591,35.8
11.68749957,0.599,36.7
11.69791624,0.612,38.2
11.7083329,0.616,38.7
11.71874957,0.62,39.2
11.72916623,0.62,39.2
11.7395829,0.622,39.4
11.74999957,0.625,39.8
11.76041623,0.631,40.5
11.7708329,0.636,41.1
11.78124956,0.644,42
11.79166623,0.651,42.9
11.8020829,0.658,43.8
11.81249956,0.665,44.6
11.82291623,0.669,45.1
11.83333289,0.675,45.9
11.84374956,0.682,46.7
11.85416623,0.69,47.8
11.86458289,0.698,48.8
11.87499956,0.704,49.6
11.88541622,0.708,50.1
11.89583289,0.715,51
11.90624956,0.724,52.2
11.91666622,0.729,52.8
11.92708289,0.736,53.7
11.93749955,0.746,55.1
11.94791622,0.753,56
11.95833289,0.76,57
11.96874955,0.765,57.6
11.97916622,0.772,58.6
11.98958288,0.779,59.6
11.99999955,0.785,60.4
12.01041622,0.789,61
12.02083288,0.794,61.7
12.03124955,0.797,62.1
12.04166621,0.802,62.8
12.05208288,0.801,62.6
12.06249955,0.803,62.9
12.07291621,0.803,62.9
12.08333288,0.808,63.6
12.09374954,0.808,63.6
12.10416621,0.808,63.6
12.11458288,0.805,63.2
12.12499954,0.807,63.5
12.13541621,0.806,63.3
12.14583287,0.802,62.8
12.15624954,0.803,62.9
12.16666621,0.799,62.4
12.17708287,0.8,62.5
12.18749954,0.799,62.4
12.1979162,0.795,61.8
12.20833287,0.795,61.8
12.21874954,0.79,61.1
12.2291662,0.789,61
12.23958287,0.789,61
12.24999953,0.784,60.3
12.2604162,0.779,59.6
12.27083287,0.777,59.3
12.28124953,0.773,58.7
12.2916662,0.771,58.5
12.30208286,0.766,57.8
12.31249953,0.764,57.5
12.3229162,0.762,57.2
12.33333286,0.757,56.6
12.34374953,0.759,56.8
12.35416619,0.753,56
12.36458286,0.748,55.3
12.37499953,0.744,54.8
12.38541619,0.74,54.3
12.39583286,0.736,53.7
12.40624952,0.738,54
12.41666619,0.732,53.2
12.42708286,0.73,52.9
12.43749952,0.728,52.7
12.44791619,0.727,52.5
12.45833285,0.723,52
12.46874952,0.72,51.6
12.47916619,0.718,51.4
12.48958285,0.713,50.7
12.49999952,0.712,50.6
12.51041618,0.71,50.3
12.52083285,0.706,49.8
12.53124952,0.704,49.6
12.54166618,0.701,49.2
12.55208285,0.698,48.8
12.56249951,0.694,48.3
12.57291618,0.693,48.1
12.58333285,0.691,47.9
12.59374951,0.688,47.5
12.60416618,0.683,46.9
12.61458284,0.682,46.7
12.62499951,0.676,46
12.63541618,0.677,46.1
12.64583284,0.67,45.2
12.65624951,0.669,45.1
12.66666617,0.668,45
12.67708284,0.662,44.3
12.68749951,0.662,44.3
12.69791617,0.659,43.9
12.70833284,0.657,43.6
12.7187495,0.654,43.3
12.72916617,0.649,42.7
12.73958284,0.646,42.3
12.7499995,0.642,41.8
12.76041617,0.64,41.6
12.77083283,0.636,41.1
12.7812495,0.635,41
12.79166617,0.632,40.6
12.80208283,0.63,40.4
12.8124995,0.627,40
12.82291616,0.625,39.8
12.83333283,0.623,39.5
12.8437495,0.621,39.3
12.85416616,0.618,38.9
12.86458283,0.615,38.6
12.87499949,0.614,38.5
12.88541616,0.611,38.1
12.89583283,0.607,37.7
12.90624949,0.608,37.8
12.91666616,0.605,37.4
12.92708282,0.602,37.1
12.93749949,0.6,36.8
12.94791616,0.598,36.6
12.95833282,0.593,36
12.96874949,0.589,35.6
12.97916615,0.586,35.2
12.98958282,0.584,35
12.99999949,0.581,34.7
13.01041616,0.577,34.2
13.02083283,0.575,34
13.0312495,0.572,33.7
13.04166617,0.571,33.6
13.05208284,0.567,33.1
13.06249951,0.563,32.7
13.07291618,0.562,32.6
13.08333285,0.558,32.1
13.09374952,0.555,31.8
13.10416619,0.552,31.5
13.11458286,0.549,31.1
13.12499953,0.547,30.9
13.1354162,0.544,30.6
13.14583287,0.54,30.2
13.15624954,0.538,30
13.16666621,0.536,29.8
13.17708288,0.53,29.1
13.18749955,0.53,29.1
13.19791622,0.528,28.9
13.20833289,0.525,28.6
13.21874956,0.524,28.5
13.22916623,0.521,28.2
13.2395829,0.519,28
13.24999957,0.517,27.8
13.26041624,0.516,27.7
13.27083291,0.512,27.2
13.28124958,0.513,27.3
13.29166625,0.511,27.1
13.30208292,0.51,27
13.31249959,0.507,26.7
13.32291626,0.504,26.4
13.33333293,0.504,26.4
13.3437496,0.503,26.3
13.35416627,0.502,26.2
13.36458294,0.497,25.7
13.37499961,0.495,25.5
13.38541628,0.496,25.6
13.39583295,0.499,25.9
13.40624962,0.493,25.3
13.41666629,0.493,25.3
13.42708296,0.494,25.4
13.43749963,0.494,25.4
13.4479163,0.495,25.5
13.45833297,0.494,25.4
13.46874964,0.492,25.2
13.47916631,0.492,25.2
13.48958298,0.491,25.1
13.49999965,0.492,25.2
13.51041632,0.49,25
13.52083299,0.491,25.1
13.53124966,0.49,25
13.54166633,0.492,25.2
13.552083,0.491,25.1
13.56249967,0.492,25.2
13.57291634,0.496,25.6
13.58333301,0.512,27.2
13.59374968,0.527,28.8
13.60416635,0.526,28.7
13.61458302,0.521,28.2
13.62499969,0.518,27.9
13.63541636,0.518,27.9
13.64583303,0.518,27.9
13.6562497,0.518,27.9
13.66666637,0.517,27.8
13.67708304,0.515,27.5
13.68749971,0.515,27.5
13.69791638,0.518,27.9
13.70833305,0.525,28.6
13.71874972,0.536,29.8
13.72916639,0.542,30.4
13.73958306,0.544,30.6
13.74999973,0.542,30.4
13.7604164,0.535,29.6
13.77083307,0.528,28.9
13.78124974,0.522,28.3
13.79166641,0.518,27.9
13.80208308,0.514,27.4
13.81249975,0.51,27
13.82291642,0.508,26.8
13.83333309,0.507,26.7
13.84374976,0.506,26.6
13.85416643,0.504,26.4
13.8645831,0.503,26.3
13.87499977,0.501,26.1
13.88541644,0.501,26.1
13.89583311,0.499,25.9
13.90624978,0.499,25.9
13.91666645,0.499,25.9
13.92708312,0.499,25.9
13.93749979,0.498,25.8
13.94791646,0.499,25.9
13.95833313,0.501,26.1
13.9687498,0.504,26.4
13.97916647,0.504,26.4
13.98958314,0.505,26.5
13.99999981,0.507,26.7
14.01041648,0.508,26.8
14.02083315,0.51,27
14.03124982,0.515,27.5
14.04166649,0.518,27.9
14.05208316,0.518,27.9
14.06249983,0.52,28.1
14.0729165,0.521,28.2
14.08333317,0.527,28.8
14.09374984,0.536,29.8
14.10416651,0.545,30.7
14.11458318,0.563,32.7
14.12499985,0.605,37.4
14.13541652,0.627,40
14.14583319,0.643,41.9
14.15624986,0.652,43
14.16666653,0.662,44.3
14.1770832,0.679,46.4
14.18749987,0.696,48.5
14.19791654,0.716,51.1
14.20833321,0.733,53.3
14.21874988,0.745,54.9
14.22916655,0.764,57.5
14.23958322,0.778,59.4
14.24999989,0.776,59.2
14.26041656,0.78,59.7
14.27083323,0.782,60
14.2812499,0.797,62.1
14.29166657,0.829,66.6
14.30208324,0.882,74.2
14.31249991,0.948,83.6
14.32291658,1.016,93.7
14.33333325,1.076,103
14.34374992,1.133,112
14.35416659,1.191,121
14.36458326,1.262,133
14.37499993,1.296,139
14.3854166,1.331,145
14.39583327,1.358,150
14.40624994,1.411,159
14.41666661,1.458,167
14.42708328,1.507,176
14.43749995,1.554,185
14.44791662,1.608,195
14.45833329,1.644,202
14.46874996,1.694,212
14.47916663,1.71,215
14.4895833,1.742,221
14.49999997,1.753,223
14.51041664,1.813,235
14.52083331,1.834,240
14.53124998,1.929,259
14.54166665,1.975,269
14.55208332,2.005,275
14.56249999,2.064,288
14.57291666,2.087,293
14.58333333,2.107,297
14.59375,2.173,311
14.60416667,2.229,324
14.61458334,2.278,335
14.62500001,2.303,340
14.63541668,2.395,361
14.64583335,2.388,360
14.65625002,2.483,382
14.66666669,2.491,384
14.67708336,2.55,398
14.68750003,2.554,399
14.6979167,2.593,408
14.70833337,2.62,415
14.71875004,2.664,425
14.72916671,2.703,435
14.73958338,2.735,442
14.75000005,2.796,458
14.76041672,2.818,463
14.77083339,2.862,474
14.78125006,2.833,467
14.79166673,2.909,486
14.8020834,2.897,483
14.81250007,2.917,488
14.82291674,3.027,516
14.83333341,3.001,509
14.84375008,3.026,516
14.85416675,3.053,523
14.86458342,3.113,538
14.87500009,3.098,534
14.88541676,3.142,546
14.89583343,3.129,542
14.9062501,3.162,551
14.91666677,3.191,559
14.92708344,3.249,574
14.93750011,3.233,570
14.94791678,3.177,555
14.95833345,3.22,566
14.96875012,3.242,572
14.97916679,3.245,573
14.98958346,3.261,577
15.00000013,3.271,580
15.0104168,3.263,578
15.02083347,3.206,563
15.03125014,3.233,570
15.04166681,3.237,571
15.05208348,3.249,574
15.06250015,3.232,570
15.07291682,3.218,566
15.08333349,3.163,551
15.09375016,3.177,555
15.10416683,3.101,535
15.1145835,3.013,512
15.12500017,2.917,488
15.13541684,2.968,501
15.14583351,2.875,477
15.15625018,2.816,463
15.16666685,2.755,447
15.17708352,2.672,427
15.18750019,2.651,422
15.19791686,2.576,404
15.20833353,2.499,386
15.2187502,2.412,365
15.22916687,2.347,350
15.23958354,2.296,339
15.25000021,2.214,321
15.26041688,2.11,298
15.27083355,2.105,297
15.28125022,2.055,286
15.29166689,2.055,286
15.30208356,1.946,263
15.31250023,1.855,244
15.3229169,1.839,241
15.33333357,1.814,236
15.34375024,1.794,232
15.35416691,1.778,228
15.36458358,1.751,223
15.37500025,1.729,219
15.38541692,1.724,218
15.39583359,1.665,206
15.40625026,1.65,203
15.41666693,1.669,207
15.4270836,1.639,201
15.43750027,1.631,200
15.44791694,1.606,195
15.45833361,1.598,193
15.46875028,1.595,193
15.47916695,1.574,189
15.48958362,1.586,191
15.50000029,1.579,190
15.51041696,1.537,182
15.52083363,1.554,185
15.5312503,1.546,184
15.54166697,1.553,185
15.55208364,1.536,182
15.56250031,1.524,180
15.57291698,1.515,178
15.58333365,1.519,179
15.59375032,1.519,179
15.60416699,1.517,178
15.61458366,1.503,176
15.62500033,1.489,173
15.635417,1.503,176
15.64583367,1.495,174
15.65625034,1.513,177
15.66666701,1.498,175
15.67708368,1.488,173
15.68750035,1.489,173
15.69791702,1.479,171
15.70833369,1.477,171
15.71875036,1.495,174
15.72916703,1.495,174
15.7395837,1.48,171
15.75000037,1.488,173
15.76041704,1.481,172
15.77083371,1.465,169
15.78125038,1.477,171
15.79166705,1.473,170
15.80208372,1.485,172
15.81250039,1.491,173
15.82291706,1.506,176
15.83333373,1.502,175
15.8437504,1.51,177
15.85416707,1.53,181
15.86458374,1.501,175
15.87500041,1.53,181
15.88541708,1.504,176
15.89583375,1.512,177
15.90625042,1.515,178
15.91666709,1.52,179
15.92708376,1.497,175
15.93750043,1.465,169
15.9479171,1.477,171
15.95833377,1.504,176
15.96875044,1.482,172
15.97916711,1.483,172
15.98958378,1.466,169
16.00000045,1.46,168
16.01041712,1.45,166
16.02083379,1.469,169
16.03125046,1.464,169
16.04166713,1.437,164
16.0520838,1.433,163
16.06250047,1.426,162
16.07291714,1.421,161
16.08333381,1.411,159
16.09375048,1.431,163
16.10416715,1.411,159
16.11458382,1.404,158
16.12500049,1.411,159
16.13541716,1.39,155
16.14583383,1.395,156
16.1562505,1.397,156
16.16666717,1.4,157
16.17708384,1.397,156
16.18750051,1.385,154
16.19791718,1.372,152
16.20833385,1.38,153
16.21875052,1.362,150
16.22916719,1.358,150
16.23958386,1.361,150
16.25000053,1.335,146
16.2604172,1.342,147
16.27083387,1.339,146
16.28125054,1.339,146
16.29166721,1.345,147
16.30208388,1.33,145
16.31250055,1.308,141
16.32291722,1.302,140
16.33333389,1.305,140
16.34375056,1.319,143
16.35416723,1.31,141
16.3645839,1.295,139
16.37500057,1.292,138
16.38541724,1.295,139
16.39583391,1.296,139
16.40625058,1.291,138
16.41666725,1.276,135
16.42708392,1.274,135
16.43750059,1.263,133
16.44791726,1.27,134
16.45833393,1.264,133
16.4687506,1.251,131
16.47916727,1.243,130
16.48958394,1.246,130
16.50000061,1.231,128
16.51041728,1.235,129
16.52083395,1.237,129
16.53125062,1.244,130
16.54166729,1.228,127
16.55208396,1.223,127
16.56250063,1.217,126
16.5729173,1.211,125
16.58333397,1.205,124
16.59375064,1.199,123
16.60416731,1.195,122
16.61458398,1.186,120
16.62500065,1.18,120
16.63541732,1.18,120
16.64583399,1.173,118
16.65625066,1.159,116
16.66666733,1.162,117
16.677084,1.151,115
16.68750067,1.158,116
16.69791734,1.157,116
16.70833401,1.146,114
16.71875068,1.153,115
16.72916735,1.145,114
16.73958402,1.136,112
16.75000069,1.127,111
16.76041736,1.123,110
16.77083403,1.121,110
16.7812507,1.114,109
16.79166737,1.103,107
16.80208404,1.094,106
16.81250071,1.09,105
16.82291738,1.086,104
16.83333405,1.08,104
16.84375072,1.074,103
16.85416739,1.071,102
16.86458406,1.061,101
16.87500073,1.06,100
16.8854174,1.06,100
16.89583407,1.055,99.7
16.90625074,1.049,98.8
16.91666741,1.042,97.7
16.92708408,1.034,96.5
16.93750075,1.031,96
16.94791742,1.019,94.2
16.95833409,1.021,94.5
16.96875076,1.009,92.7
16.97916743,1.001,91.5
16.9895841,0.991,90
17.00000077,0.979,88.2
17.01041744,0.973,87.3
17.02083411,0.961,85.5
17.03125078,0.952,84.2
17.04166745,0.945,83.2
17.05208412,0.933,81.4
17.06250079,0.93,81
17.07291746,0.92,79.6
17.08333413,0.914,78.7
17.0937508,0.91,78.1
17.10416747,0.902,77
17.11458414,0.892,75.6
17.12500081,0.886,74.7
17.13541748,0.88,73.9
17.14583415,0.873,72.9
17.15625082,0.861,71.2
17.16666749,0.85,69.7
17.17708416,0.848,69.4
17.18750083,0.841,68.4
17.1979175,0.834,67.3
17.20833417,0.822,65.6
17.21875084,0.813,64.3
17.22916751,0.809,63.8
17.23958418,0.8,62.5
17.25000085,0.795,61.8
17.26041752,0.79,61.1
17.27083419,0.783,60.1
17.28125086,0.779,59.6
17.29166753,0.771,58.5
17.3020842,0.774,58.9
17.31250087,0.769,58.2
17.32291754,0.764,57.5
17.33333421,0.765,57.6
17.34375088,0.769,58.2
17.35416755,0.76,57
17.36458422,0.759,56.8
17.37500089,0.75,55.6
17.38541756,0.749,55.5
17.39583423,0.746,55.1
17.4062509,0.746,55.1
17.41666757,0.746,55.1
17.42708424,0.746,55.1
17.43750091,0.739,54.1
17.44791758,0.739,54.1
17.45833425,0.735,53.6
17.46875092,0.731,53.1
17.47916759,0.74,54.3
17.48958426,0.752,55.9
17.50000093,0.775,59
17.5104176,0.795,61.8
17.52083427,0.806,63.3
17.53125094,0.821,65.5
17.54166761,0.825,66.1
17.55208428,0.828,66.5
17.56250095,0.823,65.8
17.57291762,0.811,64.1
17.58333429,0.8,62.5
17.59375096,0.783,60.1
17.60416763,0.771,58.5
17.6145843,0.769,58.2
17.62500097,0.767,57.9
17.63541764,0.767,57.9
17.64583431,0.764,57.5
17.65625098,0.766,57.8
17.66666765,0.758,56.7
17.67708432,0.75,55.6
17.68750099,0.743,54.7
17.69791766,0.728,52.7
17.70833433,0.725,52.3
17.718751,0.722,51.9
17.72916767,0.727,52.5
17.73958434,0.737,53.9
17.75000101,0.746,55.1
17.76041768,0.746,55.1
17.77083435,0.74,54.3
17.78125102,0.742,54.5
17.79166769,0.744,54.8
17.80208436,0.733,53.3
17.81250103,0.734,53.5
17.8229177,0.723,52
17.83333437,0.726,52.4
17.84375104,0.719,51.5
17.85416771,0.722,51.9
17.86458438,0.721,51.8
17.87500105,0.721,51.8
17.88541772,0.718,51.4
17.89583439,0.715,51
17.90625106,0.709,50.2
17.91666773,0.707,49.9
17.9270844,0.706,49.8
17.93750107,0.704,49.6
17.94791774,0.704,49.6
17.95833441,0.703,49.4
17.96875108,0.702,49.3
17.97916775,0.697,48.7
17.98958442,0.695,48.4
18.00000109,0.691,47.9
18.01041776,0.687,47.4
18.02083443,0.689,47.6
18.0312511,0.685,47.1
18.04166777,0.685,47.1
18.05208444,0.684,47
18.06250111,0.684,47
18.07291778,0.682,46.7
18.08333445,0.68,46.5
18.09375112,0.682,46.7
18.10416779,0.686,47.3
18.11458446,0.689,47.6
18.12500113,0.69,47.8
18.1354178,0.69,47.8
18.14583447,0.685,47.1
18.15625114,0.68,46.5
18.16666781,0.675,45.9
18.17708448,0.673,45.6
18.18750115,0.673,45.6
18.19791782,0.672,45.5
18.20833449,0.683,46.9
18.21875116,0.709,50.2
18.22916783,0.754,56.2
18.2395845,0.774,58.9
18.25000117,0.775,59
18.26041784,0.765,57.6
18.27083451,0.753,56
18.28125118,0.745,54.9
18.29166785,0.745,54.9
18.30208452,0.746,55.1
18.31250119,0.738,54
18.32291786,0.733,53.3
18.33333453,0.726,52.4
18.3437512,0.724,52.2
18.35416787,0.721,51.8
18.36458454,0.716,51.1
18.37500121,0.714,50.8
18.38541788,0.712,50.6
18.39583455,0.712,50.6
18.40625122,0.707,49.9
18.41666789,0.706,49.8
18.42708456,0.704,49.6
18.43750123,0.702,49.3
18.4479179,0.699,48.9
18.45833457,0.697,48.7
18.46875124,0.7,49
18.47916791,0.703,49.4
18.48958458,0.705,49.7
18.50000125,0.705,49.7
18.51041792,0.704,49.6
18.52083459,0.707,49.9
18.53125126,0.705,49.7
18.54166793,0.701,49.2
18.5520846,0.705,49.7
18.56250127,0.703,49.4
18.57291794,0.702,49.3
18.58333461,0.703,49.4
18.59375128,0.702,49.3
18.60416795,0.703,49.4
18.61458462,0.699,48.9
18.62500129,0.698,48.8
18.63541796,0.694,48.3
18.64583463,0.695,48.4
18.6562513,0.696,48.5
18.66666797,0.696,48.5
18.67708464,0.695,48.4
18.68750131,0.695,48.4
18.69791798,0.692,48
18.70833465,0.691,47.9
18.71875132,0.689,47.6
18.72916799,0.684,47
18.73958466,0.678,46.2
18.75000133,0.679,46.4
18.760418,0.671,45.4
18.77083467,0.667,44.9
18.78125134,0.668,45
18.79166801,0.664,44.5
18.80208468,0.662,44.3
18.81250135,0.659,43.9
18.82291802,0.655,43.4
18.83333469,0.654,43.3
18.84375136,0.652,43
18.85416803,0.648,42.5
18.8645847,0.647,42.4
18.87500137,0.641,41.7
18.88541804,0.638,41.3
18.89583471,0.636,41.1
18.90625138,0.634,40.8
18.91666805,0.631,40.5
18.92708472,0.627,40
18.93750139,0.625,39.8
18.94791806,0.622,39.4
18.95833473,0.62,39.2
18.9687514,0.617,38.8
18.97916807,0.614,38.5
18.98958474,0.61,38
19.00000141,0.608,37.8
19.01041808,0.607,37.7
19.02083475,0.605,37.4
19.03125142,0.603,37.2
19.04166809,0.6,36.8
19.05208476,0.598,36.6
19.06250143,0.595,36.3
19.0729181,0.594,36.2
19.08333477,0.591,35.8
19.09375144,0.587,35.4
19.10416811,0.585,35.1
19.11458478,0.581,34.7
19.12500145,0.58,34.6
19.13541812,0.575,34
19.14583479,0.574,33.9
19.15625146,0.57,33.4
19.16666813,0.569,33.3
19.1770848,0.565,32.9
19.18750147,0.562,32.6
19.19791814,0.56,32.3
19.20833481,0.559,32.2
19.21875148,0.559,32.2
19.22916815,0.556,31.9
19.23958482,0.554,31.7
19.25000149,0.553,31.6
19.26041816,0.552,31.5
19.27083483,0.551,31.4
19.2812515,0.548,31
19.29166817,0.547,30.9
19.30208484,0.545,30.7
19.31250151,0.543,30.5
19.32291818,0.542,30.4
19.33333485,0.542,30.4
19.34375152,0.542,30.4
19.35416819,0.539,30.1
19.36458486,0.536,29.8
19.37500153,0.535,29.6
19.3854182,0.535,29.6
19.39583487,0.536,29.8
19.40625154,0.535,29.6
19.41666821,0.534,29.5
19.42708488,0.533,29.4
19.43750155,0.533,29.4
19.44791822,0.534,29.5
19.45833489,0.535,29.6
19.46875156,0.537,29.9
19.47916823,0.538,30
19.4895849,0.541,30.3
19.50000157,0.541,30.3
19.51041824,0.555,31.8
19.52083491,0.56,32.3
19.53125158,0.559,32.2
19.54166825,0.549,31.1
19.55208492,0.543,30.5
19.56250159,0.542,30.4
19.57291826,0.541,30.3
19.58333493,0.542,30.4
19.5937516,0.543,30.5
19.60416827,0.543,30.5
19.61458494,0.545,30.7
19.62500161,0.545,30.7
19.63541828,0.551,31.4
19.64583495,0.556,31.9
19.65625162,0.555,31.8
19.66666829,0.555,31.8
19.67708496,0.561,32.5
19.68750163,0.559,32.2
19.6979183,0.556,31.9
19.70833497,0.555,31.8
19.71875164,0.55,31.3
19.72916831,0.548,31
19.73958498,0.55,31.3
19.75000165,0.551,31.4
19.76041832,0.548,31
19.77083499,0.548,31
19.78125166,0.545,30.7
19.79166833,0.544,30.6
19.802085,0.541,30.3
19.81250167,0.542,30.4
19.82291834,0.543,30.5
19.83333501,0.544,30.6
19.84375168,0.543,30.5
19.85416835,0.545,30.7
19.86458502,0.542,30.4
19.87500169,0.542,30.4
19.88541836,0.541,30.3
19.89583503,0.54,30.2
19.9062517,0.536,29.8
19.91666837,0.534,29.5
19.92708504,0.533,29.4
19.93750171,0.532,29.3
19.94791838,0.53,29.1
19.95833505,0.53,29.1
19.96875172,0.529,29
19.97916839,0.529,29
19.98958506,0.527,28.8